{
  "rouge1": 0.19153859830465708,
  "rouge2": 0.041553936657040075,
  "rougeL": 0.15915582374198176,
  "bleu1": 0.16567052259996623,
  "bleu4": 0.017501290431063535,
  "meteor": 0.14559633325901872
}