{
  "rouge1": 0.12474195126781736,
  "rouge2": 0.02836361034683008,
  "rougeL": 0.09585608192591781,
  "bleu1": 0.0777562323794027,
  "bleu4": 0.011043640604288986,
  "meteor": 0.17005224599491864
}